#,INSTITUCION,TIPO DE ÓRGANO COLEGIADO,FECHA DE LA SESIÓN,ORDINARIA/EXTRAORDINARIA,Responsable,Año,ÓC
1,INECC,JUNTA DE GOBIERNO,29/10/2024,EXTRAORDINARIA,Tania,2024,ÓRGANO DE GOBIERNO
2,CONAZA,COCODI,12/11/2024,ORDINARIA,Esperanza,2024,COCODI
3,SEMARNAT,COCODI,12/11/2024,ORDINARIA,Tania,2024,COCODI
4,FONART,COCODI,14/11/2024,ORDINARIA,Esperanza,2024,COCODI
5,COLPOS,COCODI,14/11/2024,ORDINARIA,Esperanza,2024,COCODI
6,SENASICA,COCODI,14/11/2024,ORDINARIA,Tania,2024,COCODI
7,INCA_RURAL,COCODI,15/11/2024,ORDINARIA,Esperanza,2024,COCODI
8,PRONABIVE,COCODI,15/11/2024,ORDINARIA,Tania,2024,COCODI
9,SIAP,COCODI,19/11/2024,ORDINARIA,Tania,2024,COCODI
10,INECC,COCODI,19/11/2024,ORDINARIA,Tania,2024,COCODI
11,FIDEMAR,COMITÉ TÉCNICO,20/11/2024,ORDINARIA,Esperanza,2024,ÓRGANO DE GOBIERNO
12,SNICS,CONSEJO TÉCNICO,22/11/2024,ORDINARIA,Tania,2024,ÓRGANO DE GOBIERNO
13,CSAEGRO,COCODI,26/11/2024,ORDINARIA,Tania,2024,COCODI
14,CONADESUCA,COCODI,26/11/2024,ORDINARIA,Tania,2024,COCODI
15,INIFAP,COCODI,27/11/2024,ORDINARIA,Esperanza,2024,COCODI
16,FIRCO,COCODI,28/11/2024,ORDINARIA,Esperanza,2024,COCODI
17,SADER,COCODI,03/12/2024,ORDINARIA,Tania,2024,COCODI
18,CONAZA,CONSEJO DIRECTIVO,04/12/2024,ORDINARIA,Esperanza,2024,ÓRGANO DE GOBIERNO
19,CONAPESCA,COCODI,04/12/2024,ORDINARIA,Tania,2024,COCODI
20,PROFEPA,COCODI,04/12/2024,ORDINARIA,Tania,2024,COCODI
21,SNICS,COCODI,05/12/2024,ORDINARIA,Tania,2024,COCODI
22,INECC,JUNTA DE GOBIERNO,10/12/2024,ORDINARIA,Tania,2024,ÓRGANO DE GOBIERNO
23,FIDEMAR,COMITÉ TÉCNICO,11/12/2024,ORDINARIA,Esperanza,2024,ÓRGANO DE GOBIERNO
24,FIRCO,COMITÉ TÉCNICO,11/12/2024,ORDINARIA,Esperanza,2024,ÓRGANO DE GOBIERNO
25,CONADESUCA,JUNTA DIRECTIVA,12/12/2024,ORDINARIA,Tania,2024,ÓRGANO DE GOBIERNO
26,IMIPAS,JUNTA DE GOBIERNO,12/12/2024,ORDINARIA,Esperanza,2024,ÓRGANO DE GOBIERNO
27,CONAPESCA,CONSEJO TÉCNICO,16/12/2024,ORDINARIA,Tania,2024,ÓRGANO DE GOBIERNO
28,SNICS,CONSEJO TÉCNICO,17/12/2024,ORDINARIA,Tania,2024,ÓRGANO DE GOBIERNO
29,INCA_RURAL,JUNTA DIRECTIVA,17/12/2024,ORDINARIA,Esperanza,2024,ÓRGANO DE GOBIERNO
30,COLPOS,JUNTA DIRECTIVA,21/01/2025,EXTRAORDINARIA,Esperanza,2025,ÓRGANO DE GOBIERNO
31,SEGALMEX,CONSEJO DE ADMINISTRACIÓN,29/01/2025,EXTRAORDINARIA,Esperanza,2025,ÓRGANO DE GOBIERNO
32,IMIPAS,JUNTA DE GOBIERNO,30/01/2025,EXTRAORDINARIA,Esperanza,2025,ÓRGANO DE GOBIERNO
33,FIDEICOMISO_1490,COMITÉ TÉCNICO,30/01/2025,ORDINARIA,Tania,2025,ÓRGANO DE GOBIERNO
34,IMCINE,JUNTA DIRECTIVA,31/01/2025,EXTRAORDINARIA,Esperanza,2025,ÓRGANO DE GOBIERNO
35,CONAGUA,CONSEJO TÉCNICO,31/01/2025,EXTRAORDINARIA,Tania,2025,ÓRGANO DE GOBIERNO
36,INECC,JUNTA DE GOBIERNO,31/01/2025,EXTRAORDINARIA,Tania,2025,ÓRGANO DE GOBIERNO
37,FONATUR,COMITÉ TÉCNICO,12/02/2025,EXTRAORDINARIA,Esperanza,2025,ÓRGANO DE GOBIERNO
38,INIFAP,JUNTA DE GOBIERNO,13/02/2025,EXTRAORDINARIA,Esperanza,2025,ÓRGANO DE GOBIERNO
39,CCC,CONSEJO DIRECTIVO,14/02/2025,EXTRAORDINARIA,Tania,2025,ÓRGANO DE GOBIERNO
40,IMIPAS,JUNTA DE GOBIERNO,17/02/2025,EXTRAORDINARIA,Esperanza,2025,ÓRGANO DE GOBIERNO
41,ECHASA,CONSEJO DE ADMINISTRACIÓN,18/02/2025,EXTRAORDINARIA,Tania,2025,ÓRGANO DE GOBIERNO
42,CONAZA,COCODI,19/02/2025,ORDINARIA,Esperanza,2025,COCODI
43,INECC,COCODI,19/02/2025,ORDINARIA,Tania,2025,COCODI
44,CONAFOR,COCODI,20/02/2025,ORDINARIA,Esperanza,2025,COCODI
45,IMCINE,JUNTA DIRECTIVA,20/02/2025,EXTRAORDINARIA,Esperanza,2025,ÓRGANO DE GOBIERNO
46,AGN,ÓRGANO DE GOBIERNO,21/02/2025,ORDINARIA,Esperanza,2025,ÓRGANO DE GOBIERNO
47,CECUT,CONSEJO DE ADMINISTRACIÓN,21/02/2025,EXTRAORDINARIA,Tania,2025,ÓRGANO DE GOBIERNO
48,CONAGUA,CONSEJO TÉCNICO,21/02/2025,EXTRAORDINARIA,Tania,2025,ÓRGANO DE GOBIERNO
49,SEMARNAT,COCODI,21/02/2025,ORDINARIA,Tania,2025,COCODI
50,SESNA,ÓRGANO DE GOBIERNO,25/02/2025,EXTRAORDINARIA,Tania,2025,ÓRGANO DE GOBIERNO
51,FONATUR_INFRAESTRUCTURA,CONSEJO DE ADMINISTRACIÓN,26/02/2025,EXTRAORDINARIA,Esperanza,2025,ÓRGANO DE GOBIERNO
52,TGM,COCODI,27/02/2025,ORDINARIA,Esperanza,2025,COCODI
53,CONAPRED,JUNTA DE GOBIERNO,27/02/2025,ORDINARIA,Esperanza,2025,ÓRGANO DE GOBIERNO
54,SEGALMEX,COCODI,27/02/2025,ORDINARIA,Esperanza,2025,COCODI
55,DICONSA,COCODI,27/02/2025,ORDINARIA,Esperanza,2025,COCODI
56,LICONSA,COCODI,27/02/2025,ORDINARIA,Esperanza,2025,COCODI
57,SECTUR,COCODI,27/02/2025,ORDINARIA,Tania,2025,COCODI
58,SENASICA,COCODI,27/02/2025,ORDINARIA,Tania,2025,COCODI
59,CCC,CONSEJO DIRECTIVO,03/03/2025,ORDINARIA,Tania,2025,ÓRGANO DE GOBIERNO
60,INALI,COCODI,04/03/2025,ORDINARIA,Esperanza,2025,COCODI
61,SADER,COCODI,04/03/2025,ORDINARIA,Tania,2025,COCODI
62,PROFEPA,COCODI,05/03/2025,ORDINARIA,Tania,2025,COCODI
63,COLPOS,JUNTA DIRECTIVA,06/03/2025,EXTRAORDINARIA,Esperanza,2025,ÓRGANO DE GOBIERNO
64,CSAEGRO,COCODI,06/03/2025,ORDINARIA,Tania,2025,COCODI
65,CONANP,COCODI,06/03/2025,ORDINARIA,Tania,2025,COCODI
66,IMTA,JUNTA DE GOBIERNO,06/03/2025,EXTRAORDINARIA,Tania,2025,ÓRGANO DE GOBIERNO
67,INEHRM,COCODI,06/03/2025,ORDINARIA,Tania,2025,COCODI
68,FONATUR_INFRAESTRUCTURA,CONSEJO DE ADMINISTRACIÓN,07/03/2025,EXTRAORDINARIA,Esperanza,2025,ÓRGANO DE GOBIERNO
69,INBAL,COCODI,07/03/2025,ORDINARIA,Tania,2025,COCODI
70,Televisión_Metropolitana,COCODI,07/03/2025,ORDINARIA,Tania,2025,COCODI
71,IMCINE,COCODI,10/03/2025,ORDINARIA,Esperanza,2025,COCODI
72,INCA_RURAL,COCODI,11/03/2025,ORDINARIA,Esperanza,2025,COCODI
73,FONATUR,COMITÉ TÉCNICO,11/03/2025,EXTRAORDINARIA,Esperanza,2025,ÓRGANO DE GOBIERNO
74,FONART,COCODI,11/03/2025,ORDINARIA,Esperanza,2025,COCODI
75,CEAV,COCODI,11/03/2025,ORDINARIA,Esperanza,2025,COCODI
76,FIDEMAR,COMITÉ TÉCNICO,11/03/2025,ORDINARIA,Esperanza,2025,ÓRGANO DE GOBIERNO
77,FONATUR,COMITÉ TÉCNICO,11/03/2025,ORDINARIA,Esperanza,2025,ÓRGANO DE GOBIERNO
78,ASEA,COCODI,11/03/2025,ORDINARIA,Tania,2025,COCODI
79,CONAZA,CONSEJO DIRECTIVO,12/03/2025,ORDINARIA,Esperanza,2025,ÓRGANO DE GOBIERNO
80,IMIPAS,JUNTA DE GOBIERNO,12/03/2025,ORDINARIA,Esperanza,2025,ÓRGANO DE GOBIERNO
81,IMER,COCODI,12/03/2025,ORDINARIA,Esperanza,2025,COCODI
82,SNICS,CONSEJO TÉCNICO,12/03/2025,ORDINARIA,Tania,2025,ÓRGANO DE GOBIERNO
83,INIFAP,COCODI,13/03/2025,ORDINARIA,Esperanza,2025,COCODI
84,FIRCO,COCODI,13/03/2025,ORDINARIA,Esperanza,2025,COCODI
85,INPI,JUNTA DE GOBIERNO,13/03/2025,EXTRAORDINARIA,Tania,2025,ÓRGANO DE GOBIERNO
86,CONACYT,JUNTA DE GOBIERNO,14/03/2025,EXTRAORDINARIA,Tania,2025,ÓRGANO DE GOBIERNO
87,INCA_RURAL,JUNTA DIRECTIVA,14/03/2025,ORDINARIA,Esperanza,2025,ÓRGANO DE GOBIERNO
88,CONAPESCA,COCODI,14/03/2025,ORDINARIA,Tania,2025,COCODI
89,SNICS,COCODI,14/03/2025,ORDINARIA,Tania,2025,COCODI
90,IMJUVE,JUNTA DIRECTIVA,14/03/2025,EXTRAORDINARIA,Tania,2025,ÓRGANO DE GOBIERNO
91,IMER,CONSEJO CIUDADANO,18/03/2025,EXTRAORDINARIA,Esperanza,2025,ÓRGANO DE GOBIERNO
92,PRONABIVE,COCODI,18/03/2025,ORDINARIA,Tania,2025,COCODI
93,CONAVI,JUNTA DE GOBIERNO,19/03/2025,EXTRAORDINARIA,Esperanza,2025,ÓRGANO DE GOBIERNO
94,FIDEMAR,COMITÉ TÉCNICO,19/03/2025,EXTRAORDINARIA,Esperanza,2025,ÓRGANO DE GOBIERNO
95,CREFAL,CONSEJO DE ADMINISTRACIÓN,20/03/2025,EXTRAORDINARIA,Esperanza,2025,ÓRGANO DE GOBIERNO
96,INAPAM,JUNTA DE GOBIERNO,20/03/2025,EXTRAORDINARIA,Esperanza,2025,ÓRGANO DE GOBIERNO
97,IMSS,ASAMBLEA GENERAL,20/03/2025,EXTRAORDINARIA,Esperanza,2025,ÓRGANO DE GOBIERNO
98,BIENESTAR,COCODI,20/03/2025,ORDINARIA,Tania,2025,COCODI
99,CIJ,PATRONATO NACIONAL,20/03/2025,EXTRAORDINARIA,Tania,2025,ÓRGANO DE GOBIERNO
100,INAI,COCODI,20/03/2025,ORDINARIA,Tania,2025,COCODI
101,SEDATU,COCODI,20/03/2025,ORDINARIA,Tania,2025,COCODI
102,CONADIS,JUNTA DE GOBIERNO,21/03/2025,EXTRAORDINARIA,Esperanza,2025,ÓRGANO DE GOBIERNO
103,CONEVAL,COCODI,21/03/2025,ORDINARIA,Tania,2025,COCODI
104,FONAES,CONSEJO DE ADMINISTRACIÓN,21/03/2025,EXTRAORDINARIA,Tania,2025,ÓRGANO DE GOBIERNO
105,IMER,CONSEJO DIRECTIVO,21/03/2025,ORDINARIA,Esperanza,2025,ÓRGANO DE GOBIERNO
106,DIF,COCODI,24/03/2025,ORDINARIA,Tania,2025,COCODI
107,LICONSA,CONSEJO DE ADMINISTRACIÓN,24/03/2025,ORDINARIA,Esperanza,2025,ÓRGANO DE GOBIERNO
108,DICONSA,CONSEJO DE ADMINISTRACIÓN,24/03/2025,ORDINARIA,Esperanza,2025,ÓRGANO DE GOBIERNO
109,CONAVI,JUNTA DE GOBIERNO,25/03/2025,ORDINARIA,Esperanza,2025,ÓRGANO DE GOBIERNO
110,IMSS,H. CONSEJO TÉCNICO,25/03/2025,EXTRAORDINARIA,Esperanza,2025,ÓRGANO DE GOBIERNO
111,INAPAM,JUNTA DE GOBIERNO,25/03/2025,ORDINARIA,Esperanza,2025,ÓRGANO DE GOBIERNO
112,INDEP,JUNTA DE GOBIERNO,25/03/2025,EXTRAORDINARIA,Tania,2025,ÓRGANO DE GOBIERNO
113,INAPESCA,COCODI,25/03/2025,ORDINARIA,Esperanza,2025,COCODI
114,CONADIS,JUNTA DE GOBIERNO,26/03/2025,ORDINARIA,Esperanza,2025,ÓRGANO DE GOBIERNO
115,IMSS-BIENESTAR,JUNTA DE GOBIERNO,26/03/2025,ORDINARIA,Esperanza,2025,ÓRGANO DE GOBIERNO
116,INSUS,JUNTA DE GOBIERNO,26/03/2025,ORDINARIA,Esperanza,2025,ÓRGANO DE GOBIERNO
117,CONAPO,COCODI,26/03/2025,ORDINARIA,Esperanza,2025,COCODI
118,ISSSTE,JUNTA DIRECTIVA,26/03/2025,ORDINARIA,Esperanza,2025,ÓRGANO DE GOBIERNO
119,SEGOB,COCODI,26/03/2025,ORDINARIA,Tania,2025,COCODI
120,SCT,COCODI,26/03/2025,ORDINARIA,Tania,2025,COCODI
121,INFONACOT,CONSEJO DIRECTIVO,26/03/2025,ORDINARIA,Tania,2025,ÓRGANO DE GOBIERNO
122,CIJ,JUNTA DE GOBIERNO,27/03/2025,ORDINARIA,Tania,2025,ÓRGANO DE GOBIERNO
123,CONSAR,JUNTA DE GOBIERNO,27/03/2025,ORDINARIA,Tania,2025,ÓRGANO DE GOBIERNO
124,SHCP,COCODI,27/03/2025,ORDINARIA,Tania,2025,COCODI
125,SFP,COCODI,27/03/2025,ORDINARIA,Tania,2025,COCODI
126,STPS,COCODI,27/03/2025,ORDINARIA,Tania,2025,COCODI
127,FOVISSSTE,JUNTA DIRECTIVA,27/03/2025,ORDINARIA,Esperanza,2025,ÓRGANO DE GOBIERNO
128,SRE,COCODI,28/03/2025,ORDINARIA,Tania,2025,COCODI
129,SALUD,COCODI,28/03/2025,ORDINARIA,Tania,2025,COCODI
130,SEDENA,COCODI,28/03/2025,ORDINARIA,Tania,2025,COCODI
131,SEMAR,COCODI,28/03/2025,ORDINARIA,Tania,2025,COCODI
132,TURISSSTE,JUNTA DIRECTIVA,28/03/2025,ORDINARIA,Esperanza,2025,ÓRGANO DE GOBIERNO
133,SUPERISSSTE,JUNTA DIRECTIVA,28/03/2025,ORDINARIA,Esperanza,2025,ÓRGANO DE GOBIERNO
134,PENSIONISSSTE,COMISIÓN EJECUTIVA,28/03/2025,ORDINARIA,Esperanza,2025,ÓRGANO DE GOBIERNO
135,Fovim,COMITÉ DE CRÉDITO,28/03/2025,ORDINARIA,Esperanza,2025,ÓRGANO DE GOBIERNO
136,CNSF,JUNTA DE GOBIERNO,28/03/2025,ORDINARIA,Tania,2025,ÓRGANO DE GOBIERNO
137,CNBV,JUNTA DE GOBIERNO,28/03/2025,ORDINARIA,Tania,2025,ÓRGANO DE GOBIERNO
138,SEGALMEX,CONSEJO DE ADMINISTRACIÓN,28/03/2025,ORDINARIA,Esperanza,2025,ÓRGANO DE GOBIERNO
139,ECONOMIA,COCODI,28/03/2025,ORDINARIA,Tania,2025,COCODI
140,CULTURA,COCODI,28/03/2025,ORDINARIA,Tania,2025,COCODI
141,EDUCACIÓN,COCODI,28/03/2025,ORDINARIA,Tania,2025,COCODI
142,CONADESUCA,JUNTA DIRECTIVA,01/04/2025,ORDINARIA,Tania,2025,ÓRGANO DE GOBIERNO
143,IMIPAS,JUNTA DE GOBIERNO,10/04/2025,EXTRAORDINARIA,Esperanza,2025,ÓRGANO DE GOBIERNO
144,CONAZA,COCODI,29/04/2025,ORDINARIA,Esperanza,2025,COCODI
145,COLPOS,COCODI,29/04/2025,ORDINARIA,Esperanza,2025,COCODI
146,INCA_RURAL,COCODI,29/04/2025,ORDINARIA,Esperanza,2025,COCODI
147,TGM,COCODI,29/04/2025,ORDINARIA,Esperanza,2025,COCODI
148,IMER,COCODI,29/04/2025,ORDINARIA,Esperanza,2025,COCODI
149,IMIPAS,JUNTA DE GOBIERNO,29/04/2025,ORDINARIA,Esperanza,2025,ÓRGANO DE GOBIERNO
150,IMSS,ASAMBLEA GENERAL,30/04/2025,ORDINARIA,Esperanza,2025,ÓRGANO DE GOBIERNO
151,DIF,COCODI,30/04/2025,ORDINARIA,Tania,2025,COCODI
152,CONANP,COCODI,30/04/2025,ORDINARIA,Tania,2025,COCODI
153,INBAL,COCODI,30/04/2025,ORDINARIA,Tania,2025,COCODI
154,Televisión_Metropolitana,COCODI,30/04/2025,ORDINARIA,Tania,2025,COCODI
155,INEHRM,COCODI,30/04/2025,ORDINARIA,Tania,2025,COCODI
156,INAI,COCODI,30/04/2025,ORDINARIA,Tania,2025,COCODI
157,SEDATU,COCODI,30/04/2025,ORDINARIA,Tania,2025,COCODI
158,CONAFOR,COCODI,06/05/2025,ORDINARIA,Esperanza,2025,COCODI
159,FONART,COCODI,06/05/2025,ORDINARIA,Esperanza,2025,COCODI
160,FIDEMAR,COMITÉ TÉCNICO,06/05/2025,ORDINARIA,Esperanza,2025,ÓRGANO DE GOBIERNO
161,INALI,COCODI,06/05/2025,ORDINARIA,Esperanza,2025,COCODI
162,SEGALMEX,COCODI,06/05/2025,ORDINARIA,Esperanza,2025,COCODI
163,DICONSA,COCODI,06/05/2025,ORDINARIA,Esperanza,2025,COCODI
164,LICONSA,COCODI,06/05/2025,ORDINARIA,Esperanza,2025,COCODI
165,SEMARNAT,COCODI,06/05/2025,ORDINARIA,Tania,2025,COCODI
166,SADER,COCODI,06/05/2025,ORDINARIA,Tania,2025,COCODI
167,SENASICA,COCODI,06/05/2025,ORDINARIA,Tania,2025,COCODI
168,CONAPO,COCODI,07/05/2025,ORDINARIA,Esperanza,2025,COCODI
169,PROFEPA,COCODI,07/05/2025,ORDINARIA,Tania,2025,COCODI
170,INIFAP,COCODI,08/05/2025,ORDINARIA,Esperanza,2025,COCODI
171,FIRCO,COCODI,08/05/2025,ORDINARIA,Esperanza,2025,COCODI
172,IMCINE,COCODI,08/05/2025,ORDINARIA,Esperanza,2025,COCODI
173,CONADESUCA,COCODI,08/05/2025,ORDINARIA,Tania,2025,COCODI
174,CONAPESCA,COCODI,09/05/2025,ORDINARIA,Tania,2025,COCODI
175,SNICS,COCODI,09/05/2025,ORDINARIA,Tania,2025,COCODI
176,INAPESCA,COCODI,13/05/2025,ORDINARIA,Esperanza,2025,COCODI
177,CEAV,COCODI,13/05/2025,ORDINARIA,Esperanza,2025,COCODI
178,INECC,COCODI,13/05/2025,ORDINARIA,Tania,2025,COCODI
179,SIAP,COCODI,13/05/2025,ORDINARIA,Tania,2025,COCODI
180,CSAEGRO,COCODI,15/05/2025,ORDINARIA,Tania,2025,COCODI
181,BIENESTAR,COCODI,15/05/2025,ORDINARIA,Tania,2025,COCODI
182,CONEVAL,COCODI,16/05/2025,ORDINARIA,Tania,2025,COCODI
183,PRONABIVE,COCODI,20/05/2025,ORDINARIA,Tania,2025,COCODI
184,ASEA,COCODI,20/05/2025,ORDINARIA,Tania,2025,COCODI
185,SEGOB,COCODI,21/05/2025,ORDINARIA,Tania,2025,COCODI
186,SCT,COCODI,21/05/2025,ORDINARIA,Tania,2025,COCODI
187,IMER,CONSEJO DIRECTIVO,22/05/2025,ORDINARIA,Esperanza,2025,ÓRGANO DE GOBIERNO
188,SHCP,COCODI,22/05/2025,ORDINARIA,Tania,2025,COCODI
189,SFP,COCODI,22/05/2025,ORDINARIA,Tania,2025,COCODI
190,STPS,COCODI,22/05/2025,ORDINARIA,Tania,2025,COCODI
191,SECTUR,COCODI,22/05/2025,ORDINARIA,Tania,2025,COCODI
192,SRE,COCODI,23/05/2025,ORDINARIA,Tania,2025,COCODI
193,SALUD,COCODI,23/05/2025,ORDINARIA,Tania,2025,COCODI
194,SEDENA,COCODI,23/05/2025,ORDINARIA,Tania,2025,COCODI
195,SEMAR,COCODI,23/05/2025,ORDINARIA,Tania,2025,COCODI
196,ECONOMIA,COCODI,23/05/2025,ORDINARIA,Tania,2025,COCODI
197,CULTURA,COCODI,23/05/2025,ORDINARIA,Tania,2025,COCODI
198,EDUCACIÓN,COCODI,23/05/2025,ORDINARIA,Tania,2025,COCODI
199,IMIPAS,JUNTA DE GOBIERNO,26/05/2025,EXTRAORDINARIA,Esperanza,2025,ÓRGANO DE GOBIERNO
200,LICONSA,CONSEJO DE ADMINISTRACIÓN,26/05/2025,ORDINARIA,Esperanza,2025,ÓRGANO DE GOBIERNO
201,DICONSA,CONSEJO DE ADMINISTRACIÓN,26/05/2025,ORDINARIA,Esperanza,2025,ÓRGANO DE GOBIERNO
202,CONAVI,JUNTA DE GOBIERNO,27/05/2025,ORDINARIA,Esperanza,2025,ÓRGANO DE GOBIERNO
203,INAPAM,JUNTA DE GOBIERNO,27/05/2025,ORDINARIA,Esperanza,2025,ÓRGANO DE GOBIERNO
204,CONADIS,JUNTA DE GOBIERNO,28/05/2025,ORDINARIA,Esperanza,2025,ÓRGANO DE GOBIERNO
205,IMSS-BIENESTAR,JUNTA DE GOBIERNO,28/05/2025,ORDINARIA,Esperanza,2025,ÓRGANO DE GOBIERNO
206,INSUS,JUNTA DE GOBIERNO,28/05/2025,ORDINARIA,Esperanza,2025,ÓRGANO DE GOBIERNO
207,ISSSTE,JUNTA DIRECTIVA,28/05/2025,ORDINARIA,Esperanza,2025,ÓRGANO DE GOBIERNO
208,CIJ,JUNTA DE GOBIERNO,29/05/2025,ORDINARIA,Tania,2025,ÓRGANO DE GOBIERNO
209,CONSAR,JUNTA DE GOBIERNO,29/05/2025,ORDINARIA,Tania,2025,ÓRGANO DE GOBIERNO
210,INFONACOT,CONSEJO DIRECTIVO,29/05/2025,ORDINARIA,Tania,2025,ÓRGANO DE GOBIERNO
211,FOVISSSTE,JUNTA DIRECTIVA,29/05/2025,ORDINARIA,Esperanza,2025,ÓRGANO DE GOBIERNO
212,SEGALMEX,CONSEJO DE ADMINISTRACIÓN,30/05/2025,ORDINARIA,Esperanza,2025,ÓRGANO DE GOBIERNO
213,TURISSSTE,JUNTA DIRECTIVA,30/05/2025,ORDINARIA,Esperanza,2025,ÓRGANO DE GOBIERNO
214,SUPERISSSTE,JUNTA DIRECTIVA,30/05/2025,ORDINARIA,Esperanza,2025,ÓRGANO DE GOBIERNO
215,PENSIONISSSTE,COMISIÓN EJECUTIVA,30/05/2025,ORDINARIA,Esperanza,2025,ÓRGANO DE GOBIERNO
216,Fovim,COMITÉ DE CRÉDITO,30/05/2025,ORDINARIA,Esperanza,2025,ÓRGANO DE GOBIERNO
217,CNSF,JUNTA DE GOBIERNO,30/05/2025,ORDINARIA,Tania,2025,ÓRGANO DE GOBIERNO
218,CNBV,JUNTA DE GOBIERNO,30/05/2025,ORDINARIA,Tania,2025,ÓRGANO DE GOBIERNO
219,CONAZA,CONSEJO DIRECTIVO,11/06/2025,ORDINARIA,Esperanza,2025,ÓRGANO DE GOBIERNO
220,SNICS,CONSEJO TÉCNICO,17/06/2025,ORDINARIA,Tania,2025,ÓRGANO DE GOBIERNO
221,INCA_RURAL,JUNTA DIRECTIVA,20/06/2025,ORDINARIA,Esperanza,2025,ÓRGANO DE GOBIERNO
222,CONADESUCA,JUNTA DIRECTIVA,24/06/2025,ORDINARIA,Tania,2025,ÓRGANO DE GOBIERNO
223,IMER,CONSEJO DIRECTIVO,26/06/2025,ORDINARIA,Esperanza,2025,ÓRGANO DE GOBIERNO
224,IMIPAS,JUNTA DE GOBIERNO,26/06/2025,ORDINARIA,Esperanza,2025,ÓRGANO DE GOBIERNO
225,FIRCO,COMITÉ TÉCNICO,27/06/2025,ORDINARIA,Esperanza,2025,ÓRGANO DE GOBIERNO
226,FIDEMAR,COMITÉ TÉCNICO,27/06/2025,ORDINARIA,Esperanza,2025,ÓRGANO DE GOBIERNO
227,CONAZA,COCODI,29/07/2025,ORDINARIA,Esperanza,2025,COCODI
228,IMIPAS,JUNTA DE GOBIERNO,31/07/2025,EXTRAORDINARIA,Esperanza,2025,ÓRGANO DE GOBIERNO
229,CONAZA,COCODI,01/08/2025,ORDINARIA,Esperanza,2025,COCODI
230,DICONSA,COCODI,04/08/2025,ORDINARIA,Esperanza,2025,COCODI
231,FIRCO,COCODI,04/08/2025,ORDINARIA,Esperanza,2025,COCODI
232,FONART,COCODI,04/08/2025,ORDINARIA,Esperanza,2025,COCODI
233,INCA_RURAL,COCODI,04/08/2025,ORDINARIA,Esperanza,2025,COCODI
234,IMER,COCODI,04/08/2025,ORDINARIA,Esperanza,2025,COCODI
235,INIFAP,COCODI,04/08/2025,ORDINARIA,Esperanza,2025,COCODI
236,LICONSA,COCODI,04/08/2025,ORDINARIA,Esperanza,2025,COCODI
237,SEGALMEX,COCODI,04/08/2025,ORDINARIA,Esperanza,2025,COCODI
238,TGM,COCODI,04/08/2025,ORDINARIA,Esperanza,2025,COCODI
239,COLPOS,COCODI,05/08/2025,ORDINARIA,Esperanza,2025,COCODI
240,CONAFOR,COCODI,05/08/2025,ORDINARIA,Esperanza,2025,COCODI
241,INAPESCA,COCODI,05/08/2025,ORDINARIA,Esperanza,2025,COCODI
242,INALI,COCODI,05/08/2025,ORDINARIA,Esperanza,2025,COCODI
243,CONAPO,COCODI,06/08/2025,ORDINARIA,Esperanza,2025,COCODI
244,CEAV,COCODI,06/08/2025,ORDINARIA,Esperanza,2025,COCODI
245,FIDEMAR,COMITÉ TÉCNICO,06/08/2025,ORDINARIA,Esperanza,2025,ÓRGANO DE GOBIERNO
246,IMCINE,COCODI,07/08/2025,ORDINARIA,Esperanza,2025,COCODI
247,PROFEPA,COCODI,07/08/2025,ORDINARIA,Tania,2025,COCODI
248,SADER,COCODI,08/08/2025,ORDINARIA,Tania,2025,COCODI
249,SEMARNAT,COCODI,08/08/2025,ORDINARIA,Tania,2025,COCODI
250,CONANP,COCODI,11/08/2025,ORDINARIA,Tania,2025,COCODI
251,CSAEGRO,COCODI,11/08/2025,ORDINARIA,Tania,2025,COCODI
252,CONAPESCA,COCODI,11/08/2025,ORDINARIA,Tania,2025,COCODI
253,CONADESUCA,COCODI,11/08/2025,ORDINARIA,Tania,2025,COCODI
254,INECC,COCODI,12/08/2025,ORDINARIA,Tania,2025,COCODI
255,PRONABIVE,COCODI,12/08/2025,ORDINARIA,Tania,2025,COCODI
256,SENASICA,COCODI,12/08/2025,ORDINARIA,Tania,2025,COCODI
257,SIAP,COCODI,12/08/2025,ORDINARIA,Tania,2025,COCODI
258,SNICS,COCODI,12/08/2025,ORDINARIA,Tania,2025,COCODI
259,ASEA,COCODI,13/08/2025,ORDINARIA,Tania,2025,COCODI
260,INBAL,COCODI,13/08/2025,ORDINARIA,Tania,2025,COCODI
261,INEHRM,COCODI,13/08/2025,ORDINARIA,Tania,2025,COCODI
262,Televisión_Metropolitana,COCODI,13/08/2025,ORDINARIA,Tania,2025,COCODI
263,BIENESTAR,COCODI,14/08/2025,ORDINARIA,Tania,2025,COCODI
264,DIF,COCODI,14/08/2025,ORDINARIA,Tania,2025,COCODI
265,SEGOB,COCODI,14/08/2025,ORDINARIA,Tania,2025,COCODI
266,SCT,COCODI,14/08/2025,ORDINARIA,Tania,2025,COCODI
267,CONEVAL,COCODI,15/08/2025,ORDINARIA,Tania,2025,COCODI
268,INAI,COCODI,15/08/2025,ORDINARIA,Tania,2025,COCODI
269,SEDATU,COCODI,15/08/2025,ORDINARIA,Tania,2025,COCODI
270,SECTUR,COCODI,15/08/2025,ORDINARIA,Tania,2025,COCODI
271,SHCP,COCODI,18/08/2025,ORDINARIA,Tania,2025,COCODI
272,SFP,COCODI,18/08/2025,ORDINARIA,Tania,2025,COCODI
273,STPS,COCODI,18/08/2025,ORDINARIA,Tania,2025,COCODI
274,SRE,COCODI,18/08/2025,ORDINARIA,Tania,2025,COCODI
275,SALUD,COCODI,19/08/2025,ORDINARIA,Tania,2025,COCODI
276,SEDENA,COCODI,19/08/2025,ORDINARIA,Tania,2025,COCODI
277,SEMAR,COCODI,19/08/2025,ORDINARIA,Tania,2025,COCODI
278,ECONOMIA,COCODI,20/08/2025,ORDINARIA,Tania,2025,COCODI
279,CULTURA,COCODI,20/08/2025,ORDINARIA,Tania,2025,COCODI
280,EDUCACIÓN,COCODI,20/08/2025,ORDINARIA,Tania,2025,COCODI
281,LICONSA,CONSEJO DE ADMINISTRACIÓN,25/08/2025,ORDINARIA,Esperanza,2025,ÓRGANO DE GOBIERNO
282,DICONSA,CONSEJO DE ADMINISTRACIÓN,25/08/2025,ORDINARIA,Esperanza,2025,ÓRGANO DE GOBIERNO
283,CONAVI,JUNTA DE GOBIERNO,26/08/2025,ORDINARIA,Esperanza,2025,ÓRGANO DE GOBIERNO
284,INAPAM,JUNTA DE GOBIERNO,26/08/2025,ORDINARIA,Esperanza,2025,ÓRGANO DE GOBIERNO
285,CONADIS,JUNTA DE GOBIERNO,27/08/2025,ORDINARIA,Esperanza,2025,ÓRGANO DE GOBIERNO
286,IMSS-BIENESTAR,JUNTA DE GOBIERNO,27/08/2025,ORDINARIA,Esperanza,2025,ÓRGANO DE GOBIERNO
287,INSUS,JUNTA DE GOBIERNO,27/08/2025,ORDINARIA,Esperanza,2025,ÓRGANO DE GOBIERNO
288,ISSSTE,JUNTA DIRECTIVA,27/08/2025,ORDINARIA,Esperanza,2025,ÓRGANO DE GOBIERNO
289,CIJ,JUNTA DE GOBIERNO,28/08/2025,ORDINARIA,Tania,2025,ÓRGANO DE GOBIERNO
290,CONSAR,JUNTA DE GOBIERNO,28/08/2025,ORDINARIA,Tania,2025,ÓRGANO DE GOBIERNO
291,INFONACOT,CONSEJO DIRECTIVO,28/08/2025,ORDINARIA,Tania,2025,ÓRGANO DE GOBIERNO
292,FOVISSSTE,JUNTA DIRECTIVA,28/08/2025,ORDINARIA,Esperanza,2025,ÓRGANO DE GOBIERNO
293,SEGALMEX,CONSEJO DE ADMINISTRACIÓN,29/08/2025,ORDINARIA,Esperanza,2025,ÓRGANO DE GOBIERNO
294,TURISSSTE,JUNTA DIRECTIVA,29/08/2025,ORDINARIA,Esperanza,2025,ÓRGANO DE GOBIERNO
295,SUPERISSSTE,JUNTA DIRECTIVA,29/08/2025,ORDINARIA,Esperanza,2025,ÓRGANO DE GOBIERNO
296,PENSIONISSSTE,COMISIÓN EJECUTIVA,29/08/2025,ORDINARIA,Esperanza,2025,ÓRGANO DE GOBIERNO
297,Fovim,COMITÉ DE CRÉDITO,29/08/2025,ORDINARIA,Esperanza,2025,ÓRGANO DE GOBIERNO
298,CNSF,JUNTA DE GOBIERNO,29/08/2025,ORDINARIA,Tania,2025,ÓRGANO DE GOBIERNO
299,CNBV,JUNTA DE GOBIERNO,29/08/2025,ORDINARIA,Tania,2025,ÓRGANO DE GOBIERNO
300,IMSS,ASAMBLEA GENERAL,04/09/2025,ORDINARIA,Esperanza,2025,ÓRGANO DE GOBIERNO
301,CONAZA,CONSEJO DIRECTIVO,10/09/2025,ORDINARIA,Esperanza,2025,ÓRGANO DE GOBIERNO
302,IMER,CONSEJO DIRECTIVO,11/09/2025,ORDINARIA,Esperanza,2025,ÓRGANO DE GOBIERNO
303,FIRCO,COMITÉ TÉCNICO,12/09/2025,ORDINARIA,Esperanza,2025,ÓRGANO DE GOBIERNO
304,IMIPAS,JUNTA DE GOBIERNO,12/09/2025,ORDINARIA,Esperanza,2025,ÓRGANO DE GOBIERNO
305,FIDEMAR,COMITÉ TÉCNICO,12/09/2025,ORDINARIA,Esperanza,2025,ÓRGANO DE GOBIERNO
306,SNICS,CONSEJO TÉCNICO,16/09/2025,ORDINARIA,Tania,2025,ÓRGANO DE GOBIERNO
307,INCA_RURAL,JUNTA DIRECTIVA,19/09/2025,ORDINARIA,Esperanza,2025,ÓRGANO DE GOBIERNO
308,CONADESUCA,JUNTA DIRECTIVA,23/09/2025,ORDINARIA,Tania,2025,ÓRGANO DE GOBIERNO
309,CONAZA,COCODI,29/10/2025,ORDINARIA,Esperanza,2025,COCODI
310,COLPOS,COCODI,29/10/2025,ORDINARIA,Esperanza,2025,COCODI
311,INCA_RURAL,COCODI,29/10/2025,ORDINARIA,Esperanza,2025,COCODI
312,TGM,COCODI,29/10/2025,ORDINARIA,Esperanza,2025,COCODI
313,IMER,COCODI,29/10/2025,ORDINARIA,Esperanza,2025,COCODI
314,DIF,COCODI,30/10/2025,ORDINARIA,Tania,2025,COCODI
315,CONANP,COCODI,30/10/2025,ORDINARIA,Tania,2025,COCODI
316,INBAL,COCODI,30/10/2025,ORDINARIA,Tania,2025,COCODI
317,Televisión_Metropolitana,COCODI,30/10/2025,ORDINARIA,Tania,2025,COCODI
318,INEHRM,COCODI,30/10/2025,ORDINARIA,Tania,2025,COCODI
319,INAI,COCODI,30/10/2025,ORDINARIA,Tania,2025,COCODI
320,SEDATU,COCODI,30/10/2025,ORDINARIA,Tania,2025,COCODI
321,IMSS,ASAMBLEA GENERAL,31/10/2025,ORDINARIA,Esperanza,2025,ÓRGANO DE GOBIERNO
322,CONAFOR,COCODI,04/11/2025,ORDINARIA,Esperanza,2025,COCODI
323,FONART,COCODI,04/11/2025,ORDINARIA,Esperanza,2025,COCODI
324,INALI,COCODI,04/11/2025,ORDINARIA,Esperanza,2025,COCODI
325,SEGALMEX,COCODI,04/11/2025,ORDINARIA,Esperanza,2025,COCODI
326,DICONSA,COCODI,04/11/2025,ORDINARIA,Esperanza,2025,COCODI
327,LICONSA,COCODI,04/11/2025,ORDINARIA,Esperanza,2025,COCODI
328,SEMARNAT,COCODI,04/11/2025,ORDINARIA,Tania,2025,COCODI
329,SADER,COCODI,04/11/2025,ORDINARIA,Tania,2025,COCODI
330,SENASICA,COCODI,04/11/2025,ORDINARIA,Tania,2025,COCODI
331,CONAPO,COCODI,05/11/2025,ORDINARIA,Esperanza,2025,COCODI
332,PROFEPA,COCODI,05/11/2025,ORDINARIA,Tania,2025,COCODI
333,INIFAP,COCODI,06/11/2025,ORDINARIA,Esperanza,2025,COCODI
334,FIRCO,COCODI,06/11/2025,ORDINARIA,Esperanza,2025,COCODI
335,IMCINE,COCODI,06/11/2025,ORDINARIA,Esperanza,2025,COCODI
336,CONADESUCA,COCODI,06/11/2025,ORDINARIA,Tania,2025,COCODI
337,CONAPESCA,COCODI,07/11/2025,ORDINARIA,Tania,2025,COCODI
338,SNICS,COCODI,07/11/2025,ORDINARIA,Tania,2025,COCODI
339,INAPESCA,COCODI,11/11/2025,ORDINARIA,Esperanza,2025,COCODI
340,CEAV,COCODI,11/11/2025,ORDINARIA,Esperanza,2025,COCODI
341,INECC,COCODI,11/11/2025,ORDINARIA,Tania,2025,COCODI
342,SIAP,COCODI,11/11/2025,ORDINARIA,Tania,2025,COCODI
343,CSAEGRO,COCODI,13/11/2025,ORDINARIA,Tania,2025,COCODI
344,BIENESTAR,COCODI,13/11/2025,ORDINARIA,Tania,2025,COCODI
345,CONEVAL,COCODI,14/11/2025,ORDINARIA,Tania,2025,COCODI
346,PRONABIVE,COCODI,18/11/2025,ORDINARIA,Tania,2025,COCODI
347,ASEA,COCODI,18/11/2025,ORDINARIA,Tania,2025,COCODI
348,SEGOB,COCODI,19/11/2025,ORDINARIA,Tania,2025,COCODI
349,SCT,COCODI,19/11/2025,ORDINARIA,Tania,2025,COCODI
350,IMER,CONSEJO DIRECTIVO,20/11/2025,ORDINARIA,Esperanza,2025,ÓRGANO DE GOBIERNO
351,SHCP,COCODI,20/11/2025,ORDINARIA,Tania,2025,COCODI
352,SFP,COCODI,20/11/2025,ORDINARIA,Tania,2025,COCODI
353,STPS,COCODI,20/11/2025,ORDINARIA,Tania,2025,COCODI
354,SECTUR,COCODI,20/11/2025,ORDINARIA,Tania,2025,COCODI
355,SRE,COCODI,21/11/2025,ORDINARIA,Tania,2025,COCODI
356,SALUD,COCODI,21/11/2025,ORDINARIA,Tania,2025,COCODI
357,SEDENA,COCODI,21/11/2025,ORDINARIA,Tania,2025,COCODI
358,SEMAR,COCODI,21/11/2025,ORDINARIA,Tania,2025,COCODI
359,ECONOMIA,COCODI,21/11/2025,ORDINARIA,Tania,2025,COCODI
360,CULTURA,COCODI,21/11/2025,ORDINARIA,Tania,2025,COCODI
361,EDUCACIÓN,COCODI,21/11/2025,ORDINARIA,Tania,2025,COCODI
362,LICONSA,CONSEJO DE ADMINISTRACIÓN,24/11/2025,ORDINARIA,Esperanza,2025,ÓRGANO DE GOBIERNO
363,DICONSA,CONSEJO DE ADMINISTRACIÓN,24/11/2025,ORDINARIA,Esperanza,2025,ÓRGANO DE GOBIERNO
364,CONAVI,JUNTA DE GOBIERNO,25/11/2025,ORDINARIA,Esperanza,2025,ÓRGANO DE GOBIERNO
365,INAPAM,JUNTA DE GOBIERNO,25/11/2025,ORDINARIA,Esperanza,2025,ÓRGANO DE GOBIERNO
366,CONADIS,JUNTA DE GOBIERNO,26/11/2025,ORDINARIA,Esperanza,2025,ÓRGANO DE GOBIERNO
367,IMSS-BIENESTAR,JUNTA DE GOBIERNO,26/11/2025,ORDINARIA,Esperanza,2025,ÓRGANO DE GOBIERNO
368,INSUS,JUNTA DE GOBIERNO,26/11/2025,ORDINARIA,Esperanza,2025,ÓRGANO DE GOBIERNO
369,ISSSTE,JUNTA DIRECTIVA,26/11/2025,ORDINARIA,Esperanza,2025,ÓRGANO DE GOBIERNO
370,CIJ,JUNTA DE GOBIERNO,27/11/2025,ORDINARIA,Tania,2025,ÓRGANO DE GOBIERNO
371,CONSAR,JUNTA DE GOBIERNO,27/11/2025,ORDINARIA,Tania,2025,ÓRGANO DE GOBIERNO
372,INFONACOT,CONSEJO DIRECTIVO,27/11/2025,ORDINARIA,Tania,2025,ÓRGANO DE GOBIERNO
373,FOVISSSTE,JUNTA DIRECTIVA,27/11/2025,ORDINARIA,Esperanza,2025,ÓRGANO DE GOBIERNO
374,SEGALMEX,CONSEJO DE ADMINISTRACIÓN,28/11/2025,ORDINARIA,Esperanza,2025,ÓRGANO DE GOBIERNO
375,TURISSSTE,JUNTA DIRECTIVA,28/11/2025,ORDINARIA,Esperanza,2025,ÓRGANO DE GOBIERNO
376,SUPERISSSTE,JUNTA DIRECTIVA,28/11/2025,ORDINARIA,Esperanza,2025,ÓRGANO DE GOBIERNO
377,PENSIONISSSTE,COMISIÓN EJECUTIVA,28/11/2025,ORDINARIA,Esperanza,2025,ÓRGANO DE GOBIERNO
378,Fovim,COMITÉ DE CRÉDITO,28/11/2025,ORDINARIA,Esperanza,2025,ÓRGANO DE GOBIERNO
379,CNSF,JUNTA DE GOBIERNO,28/11/2025,ORDINARIA,Tania,2025,ÓRGANO DE GOBIERNO
380,CNBV,JUNTA DE GOBIERNO,28/11/2025,ORDINARIA,Tania,2025,ÓRGANO DE GOBIERNO
381,CONAZA,CONSEJO DIRECTIVO,10/12/2025,ORDINARIA,Esperanza,2025,ÓRGANO DE GOBIERNO
382,IMER,CONSEJO DIRECTIVO,11/12/2025,ORDINARIA,Esperanza,2025,ÓRGANO DE GOBIERNO
383,FIRCO,COMITÉ TÉCNICO,12/12/2025,ORDINARIA,Esperanza,2025,ÓRGANO DE GOBIERNO
384,IMIPAS,JUNTA DE GOBIERNO,12/12/2025,ORDINARIA,Esperanza,2025,ÓRGANO DE GOBIERNO
385,FIDEMAR,COMITÉ TÉCNICO,12/12/2025,ORDINARIA,Esperanza,2025,ÓRGANO DE GOBIERNO
386,SNICS,CONSEJO TÉCNICO,16/12/2025,ORDINARIA,Tania,2025,ÓRGANO DE GOBIERNO
387,INCA_RURAL,JUNTA DIRECTIVA,19/12/2025,ORDINARIA,Esperanza,2025,ÓRGANO DE GOBIERNO
388,CONADESUCA,JUNTA DIRECTIVA,23/12/2025,ORDINARIA,Tania,2025,ÓRGANO DE GOBIERNO
389,INAPESCA,CONSEJO TÉCNICO,15/12/2025,EXTRAORDINARIA,Esperanza,2025,ÓRGANO DE GOBIERNO
390,INAPESCA,CONSEJO TÉCNICO,16/12/2025,EXTRAORDINARIA,Esperanza,2025,ÓRGANO DE GOBIERNO
391,INAPESCA,CONSEJO TÉCNICO,17/12/2025,EXTRAORDINARIA,Esperanza,2025,ÓRGANO DE GOBIERNO
392,INAPESCA,CONSEJO TÉCNICO,18/12/2025,EXTRAORDINARIA,Esperanza,2025,ÓRGANO DE GOBIERNO
393,INAPESCA,CONSEJO TÉCNICO,19/12/2025,EXTRAORDINARIA,Esperanza,2025,ÓRGANO DE GOBIERNO
394,INAPESCA,CONSEJO TÉCNICO,20/12/2025,EXTRAORDINARIA,Esperanza,2025,ÓRGANO DE GOBIERNO
395,INAPESCA,CONSEJO TÉCNICO,21/12/2025,EXTRAORDINARIA,Esperanza,2025,ÓRGANO DE GOBIERNO
396,INAPESCA,CONSEJO TÉCNICO,22/12/2025,EXTRAORDINARIA,Esperanza,2025,ÓRGANO DE GOBIERNO
397,INAPESCA,CONSEJO TÉCNICO,23/12/2025,EXTRAORDINARIA,Esperanza,2025,ÓRGANO DE GOBIERNO